username,link
car_hup_tanta1,https://www.instagram.com/car_hup_tanta1
carmensoliman,https://www.instagram.com/carmensoliman
carmenbsaibes,https://www.instagram.com/carmenbsaibes
rent_sport_cars_dubai,https://www.instagram.com/rent_sport_cars_dubai
iamcardib,https://www.instagram.com/iamcardib
carolfull,https://www.instagram.com/carolfull
cars,https://www.instagram.com/cars
carrounette,https://www.instagram.com/carrounette
cartier,https://www.instagram.com/cartier
carrefouregypt,https://www.instagram.com/carrefouregypt
carolinaherrera,https://www.instagram.com/carolinaherrera
carolesamaha,https://www.instagram.com/carolesamaha
carmeloanthony,https://www.instagram.com/carmeloanthony
carslne,https://www.instagram.com/carslne
carter_moh,https://www.instagram.com/carter_moh
caradelevingne,https://www.instagram.com/caradelevingne
carolinelabouchere,https://www.instagram.com/carolinelabouchere
supercarblondie,https://www.instagram.com/supercarblondie
thacarterb,https://www.instagram.com/thacarterb
yungmiami305,https://www.instagram.com/yungmiami305
carolbatistaleite,https://www.instagram.com/carolbatistaleite
carineroitfeld,https://www.instagram.com/carineroitfeld
garuda_jaya_car,https://www.instagram.com/garuda_jaya_car
mariahcarey,https://www.instagram.com/mariahcarey
carlahaddadofficial,https://www.instagram.com/carlahaddadofficial
rollsroycecars,https://www.instagram.com/rollsroycecars
carlitosalcarazz,https://www.instagram.com/carlitosalcarazz
cardmagicbyjason,https://www.instagram.com/cardmagicbyjason
carles5puyol,https://www.instagram.com/carles5puyol
carminho,https://www.instagram.com/carminho
fullyrawkristina,https://www.instagram.com/fullyrawkristina
alessiasmusic,https://www.instagram.com/alessiasmusic
pumbacaracal,https://www.instagram.com/pumbacaracal
itsshacarri,https://www.instagram.com/itsshacarri
carlynecerfdedudzeele,https://www.instagram.com/carlynecerfdedudzeele
carikerjakng,https://www.instagram.com/carikerjakng
venedaacarter,https://www.instagram.com/venedaacarter
carolrosaorganizer,https://www.instagram.com/carolrosaorganizer
selfcarewithwall,https://www.instagram.com/selfcarewithwall
rissmoore10,https://www.instagram.com/rissmoore10
itsreginaecarter,https://www.instagram.com/itsreginaecarter
klinikmetrokuningan,https://www.instagram.com/klinikmetrokuningan
carolinepao21,https://www.instagram.com/carolinepao21
_rizo_carlos,https://www.instagram.com/_rizo_carlos
panamafcancaran,https://www.instagram.com/panamafcancaran
carolus_dadang_03,https://www.instagram.com/carolus_dadang_03
scinofia.carrent,https://www.instagram.com/scinofia.carrent
devonleecarlson,https://www.instagram.com/devonleecarlson
mavcarter,https://www.instagram.com/mavcarter
carisa_rita,https://www.instagram.com/carisa_rita
danish_skincare19,https://www.instagram.com/danish_skincare19
didicrcaridi,https://www.instagram.com/didicrcaridi
caradoc.conditioning,https://www.instagram.com/caradoc.conditioning
car_hup_tanta1,https://www.instagram.com/car_hup_tanta1
carmensoliman,https://www.instagram.com/carmensoliman
carmenbsaibes,https://www.instagram.com/carmenbsaibes
rent_sport_cars_dubai,https://www.instagram.com/rent_sport_cars_dubai
iamcardib,https://www.instagram.com/iamcardib
carolfull,https://www.instagram.com/carolfull
cars,https://www.instagram.com/cars
carrounette,https://www.instagram.com/carrounette
cartier,https://www.instagram.com/cartier
carrefouregypt,https://www.instagram.com/carrefouregypt
carolinaherrera,https://www.instagram.com/carolinaherrera
carolesamaha,https://www.instagram.com/carolesamaha
carmeloanthony,https://www.instagram.com/carmeloanthony
carslne,https://www.instagram.com/carslne
carter_moh,https://www.instagram.com/carter_moh
caradelevingne,https://www.instagram.com/caradelevingne
carolinelabouchere,https://www.instagram.com/carolinelabouchere
supercarblondie,https://www.instagram.com/supercarblondie
thacarterb,https://www.instagram.com/thacarterb
yungmiami305,https://www.instagram.com/yungmiami305
carolbatistaleite,https://www.instagram.com/carolbatistaleite
carineroitfeld,https://www.instagram.com/carineroitfeld
garuda_jaya_car,https://www.instagram.com/garuda_jaya_car
mariahcarey,https://www.instagram.com/mariahcarey
carlahaddadofficial,https://www.instagram.com/carlahaddadofficial
rollsroycecars,https://www.instagram.com/rollsroycecars
carlitosalcarazz,https://www.instagram.com/carlitosalcarazz
cardmagicbyjason,https://www.instagram.com/cardmagicbyjason
carles5puyol,https://www.instagram.com/carles5puyol
carminho,https://www.instagram.com/carminho
fullyrawkristina,https://www.instagram.com/fullyrawkristina
alessiasmusic,https://www.instagram.com/alessiasmusic
pumbacaracal,https://www.instagram.com/pumbacaracal
itsshacarri,https://www.instagram.com/itsshacarri
carlynecerfdedudzeele,https://www.instagram.com/carlynecerfdedudzeele
carikerjakng,https://www.instagram.com/carikerjakng
venedaacarter,https://www.instagram.com/venedaacarter
carolrosaorganizer,https://www.instagram.com/carolrosaorganizer
selfcarewithwall,https://www.instagram.com/selfcarewithwall
rissmoore10,https://www.instagram.com/rissmoore10
itsreginaecarter,https://www.instagram.com/itsreginaecarter
klinikmetrokuningan,https://www.instagram.com/klinikmetrokuningan
carolinepao21,https://www.instagram.com/carolinepao21
_rizo_carlos,https://www.instagram.com/_rizo_carlos
panamafcancaran,https://www.instagram.com/panamafcancaran
carolus_dadang_03,https://www.instagram.com/carolus_dadang_03
scinofia.carrent,https://www.instagram.com/scinofia.carrent
devonleecarlson,https://www.instagram.com/devonleecarlson
mavcarter,https://www.instagram.com/mavcarter
carisa_rita,https://www.instagram.com/carisa_rita
danish_skincare19,https://www.instagram.com/danish_skincare19
didicrcaridi,https://www.instagram.com/didicrcaridi
caradoc.conditioning,https://www.instagram.com/caradoc.conditioning
car_hup_tanta1,https://www.instagram.com/car_hup_tanta1
carmensoliman,https://www.instagram.com/carmensoliman
carmenbsaibes,https://www.instagram.com/carmenbsaibes
rent_sport_cars_dubai,https://www.instagram.com/rent_sport_cars_dubai
iamcardib,https://www.instagram.com/iamcardib
carolfull,https://www.instagram.com/carolfull
cars,https://www.instagram.com/cars
carrounette,https://www.instagram.com/carrounette
cartier,https://www.instagram.com/cartier
carrefouregypt,https://www.instagram.com/carrefouregypt
carolinaherrera,https://www.instagram.com/carolinaherrera
carolesamaha,https://www.instagram.com/carolesamaha
carmeloanthony,https://www.instagram.com/carmeloanthony
carslne,https://www.instagram.com/carslne
carter_moh,https://www.instagram.com/carter_moh
caradelevingne,https://www.instagram.com/caradelevingne
carolinelabouchere,https://www.instagram.com/carolinelabouchere
supercarblondie,https://www.instagram.com/supercarblondie
thacarterb,https://www.instagram.com/thacarterb
yungmiami305,https://www.instagram.com/yungmiami305
carolbatistaleite,https://www.instagram.com/carolbatistaleite
carineroitfeld,https://www.instagram.com/carineroitfeld
garuda_jaya_car,https://www.instagram.com/garuda_jaya_car
mariahcarey,https://www.instagram.com/mariahcarey
carlahaddadofficial,https://www.instagram.com/carlahaddadofficial
rollsroycecars,https://www.instagram.com/rollsroycecars
carlitosalcarazz,https://www.instagram.com/carlitosalcarazz
cardmagicbyjason,https://www.instagram.com/cardmagicbyjason
carles5puyol,https://www.instagram.com/carles5puyol
carminho,https://www.instagram.com/carminho
fullyrawkristina,https://www.instagram.com/fullyrawkristina
alessiasmusic,https://www.instagram.com/alessiasmusic
pumbacaracal,https://www.instagram.com/pumbacaracal
itsshacarri,https://www.instagram.com/itsshacarri
carlynecerfdedudzeele,https://www.instagram.com/carlynecerfdedudzeele
carikerjakng,https://www.instagram.com/carikerjakng
venedaacarter,https://www.instagram.com/venedaacarter
carolrosaorganizer,https://www.instagram.com/carolrosaorganizer
selfcarewithwall,https://www.instagram.com/selfcarewithwall
rissmoore10,https://www.instagram.com/rissmoore10
itsreginaecarter,https://www.instagram.com/itsreginaecarter
klinikmetrokuningan,https://www.instagram.com/klinikmetrokuningan
carolinepao21,https://www.instagram.com/carolinepao21
_rizo_carlos,https://www.instagram.com/_rizo_carlos
panamafcancaran,https://www.instagram.com/panamafcancaran
carolus_dadang_03,https://www.instagram.com/carolus_dadang_03
scinofia.carrent,https://www.instagram.com/scinofia.carrent
devonleecarlson,https://www.instagram.com/devonleecarlson
mavcarter,https://www.instagram.com/mavcarter
carisa_rita,https://www.instagram.com/carisa_rita
danish_skincare19,https://www.instagram.com/danish_skincare19
didicrcaridi,https://www.instagram.com/didicrcaridi
caradoc.conditioning,https://www.instagram.com/caradoc.conditioning
car_hup_tanta1,https://www.instagram.com/car_hup_tanta1
carmensoliman,https://www.instagram.com/carmensoliman
carmenbsaibes,https://www.instagram.com/carmenbsaibes
rent_sport_cars_dubai,https://www.instagram.com/rent_sport_cars_dubai
iamcardib,https://www.instagram.com/iamcardib
carolfull,https://www.instagram.com/carolfull
cars,https://www.instagram.com/cars
carrounette,https://www.instagram.com/carrounette
cartier,https://www.instagram.com/cartier
carrefouregypt,https://www.instagram.com/carrefouregypt
carolinaherrera,https://www.instagram.com/carolinaherrera
carolesamaha,https://www.instagram.com/carolesamaha
carmeloanthony,https://www.instagram.com/carmeloanthony
carslne,https://www.instagram.com/carslne
carter_moh,https://www.instagram.com/carter_moh
caradelevingne,https://www.instagram.com/caradelevingne
carolinelabouchere,https://www.instagram.com/carolinelabouchere
supercarblondie,https://www.instagram.com/supercarblondie
thacarterb,https://www.instagram.com/thacarterb
yungmiami305,https://www.instagram.com/yungmiami305
carolbatistaleite,https://www.instagram.com/carolbatistaleite
carineroitfeld,https://www.instagram.com/carineroitfeld
garuda_jaya_car,https://www.instagram.com/garuda_jaya_car
mariahcarey,https://www.instagram.com/mariahcarey
carlahaddadofficial,https://www.instagram.com/carlahaddadofficial
rollsroycecars,https://www.instagram.com/rollsroycecars
carlitosalcarazz,https://www.instagram.com/carlitosalcarazz
cardmagicbyjason,https://www.instagram.com/cardmagicbyjason
carles5puyol,https://www.instagram.com/carles5puyol
carminho,https://www.instagram.com/carminho
fullyrawkristina,https://www.instagram.com/fullyrawkristina
alessiasmusic,https://www.instagram.com/alessiasmusic
pumbacaracal,https://www.instagram.com/pumbacaracal
itsshacarri,https://www.instagram.com/itsshacarri
carlynecerfdedudzeele,https://www.instagram.com/carlynecerfdedudzeele
carikerjakng,https://www.instagram.com/carikerjakng
venedaacarter,https://www.instagram.com/venedaacarter
carolrosaorganizer,https://www.instagram.com/carolrosaorganizer
selfcarewithwall,https://www.instagram.com/selfcarewithwall
rissmoore10,https://www.instagram.com/rissmoore10
itsreginaecarter,https://www.instagram.com/itsreginaecarter
klinikmetrokuningan,https://www.instagram.com/klinikmetrokuningan
carolinepao21,https://www.instagram.com/carolinepao21
_rizo_carlos,https://www.instagram.com/_rizo_carlos
panamafcancaran,https://www.instagram.com/panamafcancaran
carolus_dadang_03,https://www.instagram.com/carolus_dadang_03
scinofia.carrent,https://www.instagram.com/scinofia.carrent
devonleecarlson,https://www.instagram.com/devonleecarlson
mavcarter,https://www.instagram.com/mavcarter
carisa_rita,https://www.instagram.com/carisa_rita
danish_skincare19,https://www.instagram.com/danish_skincare19
didicrcaridi,https://www.instagram.com/didicrcaridi
caradoc.conditioning,https://www.instagram.com/caradoc.conditioning
car_hup_tanta1,https://www.instagram.com/car_hup_tanta1
carmensoliman,https://www.instagram.com/carmensoliman
carmenbsaibes,https://www.instagram.com/carmenbsaibes
rent_sport_cars_dubai,https://www.instagram.com/rent_sport_cars_dubai
iamcardib,https://www.instagram.com/iamcardib
carolfull,https://www.instagram.com/carolfull
cars,https://www.instagram.com/cars
carrounette,https://www.instagram.com/carrounette
cartier,https://www.instagram.com/cartier
carrefouregypt,https://www.instagram.com/carrefouregypt
carolinaherrera,https://www.instagram.com/carolinaherrera
carolesamaha,https://www.instagram.com/carolesamaha
carmeloanthony,https://www.instagram.com/carmeloanthony
carslne,https://www.instagram.com/carslne
carter_moh,https://www.instagram.com/carter_moh
caradelevingne,https://www.instagram.com/caradelevingne
carolinelabouchere,https://www.instagram.com/carolinelabouchere
supercarblondie,https://www.instagram.com/supercarblondie
thacarterb,https://www.instagram.com/thacarterb
yungmiami305,https://www.instagram.com/yungmiami305
carolbatistaleite,https://www.instagram.com/carolbatistaleite
carineroitfeld,https://www.instagram.com/carineroitfeld
garuda_jaya_car,https://www.instagram.com/garuda_jaya_car
mariahcarey,https://www.instagram.com/mariahcarey
carlahaddadofficial,https://www.instagram.com/carlahaddadofficial
rollsroycecars,https://www.instagram.com/rollsroycecars
carlitosalcarazz,https://www.instagram.com/carlitosalcarazz
cardmagicbyjason,https://www.instagram.com/cardmagicbyjason
carles5puyol,https://www.instagram.com/carles5puyol
carminho,https://www.instagram.com/carminho
fullyrawkristina,https://www.instagram.com/fullyrawkristina
alessiasmusic,https://www.instagram.com/alessiasmusic
pumbacaracal,https://www.instagram.com/pumbacaracal
itsshacarri,https://www.instagram.com/itsshacarri
carlynecerfdedudzeele,https://www.instagram.com/carlynecerfdedudzeele
carikerjakng,https://www.instagram.com/carikerjakng
venedaacarter,https://www.instagram.com/venedaacarter
carolrosaorganizer,https://www.instagram.com/carolrosaorganizer
selfcarewithwall,https://www.instagram.com/selfcarewithwall
rissmoore10,https://www.instagram.com/rissmoore10
itsreginaecarter,https://www.instagram.com/itsreginaecarter
klinikmetrokuningan,https://www.instagram.com/klinikmetrokuningan
carolinepao21,https://www.instagram.com/carolinepao21
_rizo_carlos,https://www.instagram.com/_rizo_carlos
panamafcancaran,https://www.instagram.com/panamafcancaran
carolus_dadang_03,https://www.instagram.com/carolus_dadang_03
scinofia.carrent,https://www.instagram.com/scinofia.carrent
devonleecarlson,https://www.instagram.com/devonleecarlson
mavcarter,https://www.instagram.com/mavcarter
carisa_rita,https://www.instagram.com/carisa_rita
danish_skincare19,https://www.instagram.com/danish_skincare19
didicrcaridi,https://www.instagram.com/didicrcaridi
caradoc.conditioning,https://www.instagram.com/caradoc.conditioning
car_hup_tanta1,https://www.instagram.com/car_hup_tanta1
carmensoliman,https://www.instagram.com/carmensoliman
carmenbsaibes,https://www.instagram.com/carmenbsaibes
rent_sport_cars_dubai,https://www.instagram.com/rent_sport_cars_dubai
iamcardib,https://www.instagram.com/iamcardib
carolfull,https://www.instagram.com/carolfull
cars,https://www.instagram.com/cars
carrounette,https://www.instagram.com/carrounette
cartier,https://www.instagram.com/cartier
carrefouregypt,https://www.instagram.com/carrefouregypt
carolinaherrera,https://www.instagram.com/carolinaherrera
carolesamaha,https://www.instagram.com/carolesamaha
carmeloanthony,https://www.instagram.com/carmeloanthony
carslne,https://www.instagram.com/carslne
carter_moh,https://www.instagram.com/carter_moh
caradelevingne,https://www.instagram.com/caradelevingne
carolinelabouchere,https://www.instagram.com/carolinelabouchere
supercarblondie,https://www.instagram.com/supercarblondie
thacarterb,https://www.instagram.com/thacarterb
yungmiami305,https://www.instagram.com/yungmiami305
carolbatistaleite,https://www.instagram.com/carolbatistaleite
carineroitfeld,https://www.instagram.com/carineroitfeld
garuda_jaya_car,https://www.instagram.com/garuda_jaya_car
mariahcarey,https://www.instagram.com/mariahcarey
carlahaddadofficial,https://www.instagram.com/carlahaddadofficial
rollsroycecars,https://www.instagram.com/rollsroycecars
carlitosalcarazz,https://www.instagram.com/carlitosalcarazz
cardmagicbyjason,https://www.instagram.com/cardmagicbyjason
carles5puyol,https://www.instagram.com/carles5puyol
carminho,https://www.instagram.com/carminho
fullyrawkristina,https://www.instagram.com/fullyrawkristina
alessiasmusic,https://www.instagram.com/alessiasmusic
pumbacaracal,https://www.instagram.com/pumbacaracal
itsshacarri,https://www.instagram.com/itsshacarri
carlynecerfdedudzeele,https://www.instagram.com/carlynecerfdedudzeele
carikerjakng,https://www.instagram.com/carikerjakng
venedaacarter,https://www.instagram.com/venedaacarter
carolrosaorganizer,https://www.instagram.com/carolrosaorganizer
selfcarewithwall,https://www.instagram.com/selfcarewithwall
rissmoore10,https://www.instagram.com/rissmoore10
itsreginaecarter,https://www.instagram.com/itsreginaecarter
klinikmetrokuningan,https://www.instagram.com/klinikmetrokuningan
carolinepao21,https://www.instagram.com/carolinepao21
_rizo_carlos,https://www.instagram.com/_rizo_carlos
panamafcancaran,https://www.instagram.com/panamafcancaran
carolus_dadang_03,https://www.instagram.com/carolus_dadang_03
scinofia.carrent,https://www.instagram.com/scinofia.carrent
devonleecarlson,https://www.instagram.com/devonleecarlson
mavcarter,https://www.instagram.com/mavcarter
carisa_rita,https://www.instagram.com/carisa_rita
danish_skincare19,https://www.instagram.com/danish_skincare19
didicrcaridi,https://www.instagram.com/didicrcaridi
caradoc.conditioning,https://www.instagram.com/caradoc.conditioning
